id;user_firstname;user_lastname;user_middlename;user_birthday;user_email;user_city;user_street;user_house;user_apartment;user_login;user_password;user_passport
4;first name 4;last name 4;middle name 4;1995-04-07;test4@gmail.com;test city 4;;;4;test login 4;9f86d081884c7d659a2feaa0c55ad015a3bf4f1b2b0b822cd15d6c15b0f00a08;MP3333334
5;first name 5;last name 5;middle name 5;1995-04-07;test5@gmail.com;test city 5;;;5;test login 5;9f86d081884c7d659a2feaa0c55ad015a3bf4f1b2b0b822cd15d6c15b0f00a08;MP3333335
6;first name 6;last name 6;middle name 6;1995-04-07;test6@gmail.com;test city 6;;;6;test login 6;9f86d081884c7d659a2feaa0c55ad015a3bf4f1b2b0b822cd15d6c15b0f00a08;MP3333336
7;first name 7;last name 7;middle name 7;1995-04-07;test7@gmail.com;test city 7;;;7;test login 7;9f86d081884c7d659a2feaa0c55ad015a3bf4f1b2b0b822cd15d6c15b0f00a08;MP3333337
8;first name 8;last name 8;middle name 8;1995-04-07;test8@gmail.com;test city 8;;;8;test login 8;9f86d081884c7d659a2feaa0c55ad015a3bf4f1b2b0b822cd15d6c15b0f00a08;MP3333338
9;first name 9;last name 9;middle name 9;1995-04-07;test9@gmail.com;test city 9;;;9;test login 9;9f86d081884c7d659a2feaa0c55ad015a3bf4f1b2b0b822cd15d6c15b0f00a08;MP3333339
10;first name 10;last name 10;middle name 10;1995-04-07;test10@gmail.com;test city 10;;;10;test login 10;9f86d081884c7d659a2feaa0c55ad015a3bf4f1b2b0b822cd15d6c15b0f00a08;MP3333310
11;first name 11;last name 11;middle name 11;1995-04-07;test11@gmail.com;test city 11;;;11;test login 11;9f86d081884c7d659a2feaa0c55ad015a3bf4f1b2b0b822cd15d6c15b0f00a08;MP3333311
12;first name 12;last name 12;middle name 12;1995-04-07;test12@gmail.com;test city 12;;;12;test login 12;9f86d081884c7d659a2feaa0c55ad015a3bf4f1b2b0b822cd15d6c15b0f00a08;MP3333312
13;first name 13;last name 13;middle name 13;1995-04-07;test13@gmail.com;test city 13;;;13;test login 13;9f86d081884c7d659a2feaa0c55ad015a3bf4f1b2b0b822cd15d6c15b0f00a08;MP3333313
14;first name 14;last name 14;middle name 14;1995-04-07;test14@gmail.com;test city 14;;;14;test login 14;9f86d081884c7d659a2feaa0c55ad015a3bf4f1b2b0b822cd15d6c15b0f00a08;MP3333314
15;first name 15;last name 15;middle name 15;1995-04-07;test15@gmail.com;test city 15;;;15;test login 15;9f86d081884c7d659a2feaa0c55ad015a3bf4f1b2b0b822cd15d6c15b0f00a08;MP3333315
16;first name 16;last name 16;middle name 16;1995-04-07;test16@gmail.com;test city 16;;;16;test login 16;9f86d081884c7d659a2feaa0c55ad015a3bf4f1b2b0b822cd15d6c15b0f00a08;MP3333316
17;first name 17;last name 17;middle name 17;1995-04-07;test17@gmail.com;test city 17;;;17;test login 17;9f86d081884c7d659a2feaa0c55ad015a3bf4f1b2b0b822cd15d6c15b0f00a08;MP3333317